ET468,,,,G R A,N D - L I,V R E,,A U X I L I,A I R E,,le 14/01/26,… 17:03:0,0
TRANSIT,TRANSPOR,T ET,TRRAT,-----,----------,--------,-,--------------,-------,,P,age :   000,1
PERIODE,DE   1/2,6 …,déc.-26,,,,,,,,,,
========,========,====,===============================,========,==========,========,=,==============,=============,=,==============,===========,=
Date,,Cod,e,Date,,Date,!,,,!,,Nø lettrag,e
Comptabl,e PiŠce,Jrn,Libell‚,Facture,R‚f‚rence,Ech‚ance,!,D‚bit,Cr‚dit,!,Solde d‚bite,ur/cr‚diteu,r
========,========,====,===============================,========,==========,========,!,==============,=============,!,==============,===========,=
Compte :,411000,,COLLECTIF CLIENTS,,,,!,,,!,,,
--------,--------,----,------------------------------,,,,!,,,!,,,
,,,Report au d‚,but  1/2,6 ........,........,,,,!,,,
Compte :,411000,,00080       LECOFRUIT,,,,!,,,!,,,
--------,--------,----,-------------------------------,--------,---,,!,,,!,,,
,,,Report au d‚,but  1/2,6 ........,........,!,,,!,,,
6/1/2026,1,10,FACTURE 2600003    /25A0430,6/1/2026,2600003,6/1/2026,!,"62732,4",,!,,,
9/1/2026,3520010,35,VRMNT RECU LECOFRUIT,9/1/2026,,8/2/2026,!,,"12248677,15",!,,,
13/1/2026,61,10,FACTURE 2600048    /25A0406,9/1/2026,2600048,8/2/2026,!,"10696643,34",,!,,,
12/1/2026,3520014,35,VRMNT RECU LECOFRUIT,12/1/2026,,11/2/2026,!,,"722659,96",!,,,
13/1/2026,73,10,FACTURE 2600079    /25A0417,13/1/2026,2600079,12/2/2026,!,670967,,!,,,
,,,Solde … fin,12/26 ..,..........,.......,,"11430342,74","12971337,11",!,,1540994,","
Compte :,411000,,001044      OPHAM,,,,!,,,!,,,
--------,--------,----,-------------------------------,--------,---,,!,,,!,,,
,,,Report au d‚,but  1/2,6 ........,........,!,,,!,,,
9/1/2026,4520004,45,VRMNT RECU OPHAM,9/1/2026,,8/2/2026,!,,"10699691,14",!,,,
13/1/2026,4520005,45,VRMNT RECU OPHAM,13/1/2026,,12/2/2026,!,,"7493361,21",!,,,
14/1/2026,83,10,FACTURE 2600083    /25C1618,13/1/2026,2600083,12/2/2026,!,"268640,09",,!,,,
14/1/2026,84,10,AVOIR   2600082    /25C1618,13/1/2026,2600082,12/2/2026,!,,"282458,35",!,,,
,,,Solde … fin,12/26 ..,..........,.......,,"268640,09","18475510,7",!,,18206870,","
Compte :,411000,,001094      STE JB,,,,!,,,!,,,
--------,--------,----,-------------------------------,--------,---,,!,,,!,,,
,,,Report au d‚,but  1/2,6 ........,........,!,,,!,,,
7/1/2026,7,10,FACTURE 2600011    /25C1624,7/1/2026,2600011,6/2/2026,!,"2845156,04",,!,,,
7/1/2026,8,10,FACTURE 2600005    /25C1625,7/1/2026,2600005,6/2/2026,!,"4899315,37",,!,,,
7/1/2026,9,10,FACTURE 2600006    /25C1512,7/1/2026,2600006,6/2/2026,!,1609862,,!,,,
13/1/2026,62,10,FACTURE 2600050    /25C1499,9/1/2026,2600050,8/2/2026,!,"2066950,55",,!,,,
12/1/2026,3520014,35,VRMNT RECU JB,12/1/2026,,11/2/2026,!,,"8184509,1",!,,,
12/1/2026,3520014,35,VRMNT RECU JB,12/1/2026,,11/2/2026,!,,912000,!,,,
12/1/2026,3520014,35,VRMNT RECU JB,12/1/2026,,11/2/2026,!,,"855888,59",!,,,
12/1/2026,3520014,35,VRMNT RECU JB,12/1/2026,,11/2/2026,!,,"17969553,67",!,,,
,,,Solde … fin,12/26 ..,..........,.......,,"11421283,96","27921951,36",!,,16500667,","
Compte :,411000,,001148      MADAPROD,,,,!,,,!,,,
--------,--------,----,-------------------------------,--------,---,,!,,,!,,,
,,,Report au d‚,but  1/2,6 ........,........,!,,,!,,,
13/1/2026,74,10,FACTURE 2600080    /25A0418,13/1/2026,2600080,12/2/2026,!,338000,,!,,,
,,,Solde … fin,12/26 ..,..........,.......,,338000,,!,338000,,
Compte :,411000,,00177       PLG CONFECTION,,,,!,,,!,,,
--------,--------,----,-------------------------------,--------,---,,!,,,!,,,
,,,Report au d‚,but  1/2,6 ........,........,!,,,!,,,
========,========,====,===============================,========,==========,========,=,==============,=============,=,==============,===========,=
ET468,,,,G R A,N D - L I,V R E,,A U X I L I,A I R E,,le 14/01/26,… 17:03:0,0
TRANSIT,TRANSPOR,T ET,TRRAT,-----,----------,--------,-,--------------,-------,,P,age :   000,2
PERIODE,DE   1/2,6 …,déc.-26,,,,,,,,,,
========,========,====,===============================,========,==========,========,=,==============,=============,=,==============,===========,=
Date,,Cod,e,Date,,Date,!,,,!,,Nø lettrag,e
Comptabl,e PiŠce,Jrn,Libell‚,Facture,R‚f‚rence,Ech‚ance,!,D‚bit,Cr‚dit,!,Solde d‚bite,ur/cr‚diteu,r
========,========,====,===============================,========,==========,========,!,==============,=============,!,==============,===========,=
Compte :,411000,,00177       PLG CONFECTION,,,,!,,,!,,,
--------,--------,----,-------------------------------,--------,---,,!,,,!,,,
6/1/2026,8600001,86,TRT PTF PLG 100226,31/12/2025,2504031,31/3/2026,!,,"40773279,06",!,,,
6/1/2026,8600001,86,TRT PTF PLG 310126,31/12/2025,2503754,31/3/2026,!,,"22766071,72",!,,,
6/1/2026,2,10,FACTURE 2600001    /25A0371,6/1/2026,2600001,7/3/2026,!,627324,,!,,,
6/1/2026,3,10,FACTURE 2600002    /25A0411,6/1/2026,2600002,7/3/2026,!,627324,,!,,,
8/1/2026,25,10,FACTURE 2600027    /25A0351,8/1/2026,2600027,8/1/2026,!,"227241,5",,!,,,
12/1/2026,48,10,AVOIR   2600062    /25A0351,9/1/2026,2600062,10/3/2026,!,,"108831,78",!,,,
12/1/2026,49,10,AVOIR   2600065    /25A0382,9/1/2026,2600065,10/3/2026,!,,"108831,78",!,,,
,,,Solde … fin,12/26 ..,..........,.......,,"1481889,5","63757014,34",!,,62275124,","
Compte :,411000,,00360       LA LIGNE SCANDINAVE,,,,!,,,!,,,
--------,--------,----,-------------------------------,--------,---,,!,,,!,,,
,,,Report au d‚,but  1/2,6 ........,........,!,,,!,,,
12/1/2026,32,10,FACTURE 2600056    /25F0207,9/1/2026,2600056,24/1/2026,!,"2497650,29",,!,,,
12/1/2026,33,10,FACTURE 2600058    /25F0210,9/1/2026,2600058,24/1/2026,!,"981722,69",,!,,,
12/1/2026,37,10,FACTURE 2600057    /25F0208,9/1/2026,2600057,24/1/2026,!,"1025499,74",,!,,,
13/1/2026,63,10,FACTURE 2600061    /25F0217,9/1/2026,2600061,24/1/2026,!,"2360484,24",,!,,,
,,,Solde … fin,12/26 ..,..........,.......,,"6865356,96",,!,"6865356,96",,
Compte :,411000,,00365       AURLAC S.A,,,,!,,,!,,,
--------,--------,----,-------------------------------,--------,---,,!,,,!,,,
,,,Report au d‚,but  1/2,6 ........,........,!,,,!,,,
12/1/2026,30,10,FACTURE 2600069    /25F0209,12/1/2026,2600069,13/3/2026,!,"19313013,25",,!,,,
,,,Solde … fin,12/26 ..,..........,.......,,"19313013,25",,!,"19313013,25",,
Compte :,411000,,00392       SINO MALAGASY,,,,!,,,!,,,
--------,--------,----,-------------------------------,--------,---,,!,,,!,,,
,,,Report au d‚,but  1/2,6 ........,........,!,,,!,,,
8/1/2026,11,10,FACTURE 2600009    /25B0281,7/1/2026,2600009,31/12/2025,!,"7353678,86",,!,,,
8/1/2026,14,10,FACTURE 2600010    /25B0293,7/1/2026,2600010,31/12/2025,!,"6596683,83",,!,,,
,,,Solde … fin,12/26 ..,..........,.......,,"13950362,69",,!,"13950362,69",,
Compte :,411000,,00419       COMACAT,,,,!,,,!,,,
--------,--------,----,-------------------------------,--------,---,,!,,,!,,,
,,,Report au d‚,but  1/2,6 ........,........,!,,,!,,,
5/1/2026,8500001,85,CHQ PTF COMACAT,5/1/2026,,4/2/2026,!,,"9374433,35",!,,,
,,,Solde … fin,12/26 ..,..........,.......,,,"9374433,35",!,,9374433,","
Compte :,411000,,00633       NEWPACK S.A,,,,!,,,!,,,
--------,--------,----,-------------------------------,--------,---,,!,,,!,,,
,,,Report au d‚,but  1/2,6 ........,........,!,,,!,,,
5/1/2026,5520001,55,VRMNT RECU NEW PACK,5/1/2026,,4/2/2026,!,,"3219420,07",!,,,
13/1/2026,60,10,FACTURE 2600053    /25C1466,9/1/2026,2600053,8/2/2026,!,"17338840,41",,!,,,
12/1/2026,5520003,55,VRMNT RECU NEW PACK,12/1/2026,,11/2/2026,!,,"10048989,23",!,,,
,,,Solde … fin,12/26 ..,..........,.......,,"17338840,41","13268409,3",!,"4070431,11",,
========,========,====,===============================,========,==========,========,=,==============,=============,=,==============,===========,=
ET468,,,,G R A,N D - L I,V R E,,A U X I L I,A I R E,,le 14/01/26,… 17:03:0,0
TRANSIT,TRANSPOR,T ET,TRRAT,-----,----------,--------,-,--------------,-------,,P,age :   000,3
PERIODE,DE   1/2,6 …,déc.-26,,,,,,,,,,
========,========,====,===============================,========,==========,========,=,==============,=============,=,==============,===========,=
Date,,Cod,e,Date,,Date,!,,,!,,Nø lettrag,e
Comptabl,e PiŠce,Jrn,Libell‚,Facture,R‚f‚rence,Ech‚ance,!,D‚bit,Cr‚dit,!,Solde d‚bite,ur/cr‚diteu,r
========,========,====,===============================,========,==========,========,!,==============,=============,!,==============,===========,=
Compte :,411000,,00883       SOCIETE MALGACHE DE,MAGASIN,S,,!,,,!,,,
--------,--------,----,-------------------------------,--------,---,,!,,,!,,,
,,,Report au d‚,but  1/2,6 ........,........,!,,,!,,,
8/1/2026,15,10,FACTURE 2600019    /25C1551,7/1/2026,2600019,28/2/2026,!,"267620,45",,!,,,
12/1/2026,45,10,FACTURE 2600040    /25C1654,9/1/2026,2600040,28/2/2026,!,"15095477,74",,!,,,
12/1/2026,46,10,FACTURE 2600044    /25C1658,9/1/2026,2600044,28/2/2026,!,"8755164,82",,!,,,
12/1/2026,47,10,FACTURE 2600047    /25C1655,9/1/2026,2600047,28/2/2026,!,"13812291,93",,!,,,
12/1/2026,50,10,FACTURE 2600046    /25C1661,9/1/2026,2600046,28/2/2026,!,"16505702,38",,!,,,
12/1/2026,8600005,86,TRT PTF S2M 310126,12/1/2026,2504096,28/2/2026,!,,"276101947,6",!,,,
,,,Solde … fin,12/26 ..,..........,.......,,"54436257,32","276101947,6",!,,221665690,","
Compte :,411000,,00900       FESTIVAL SA,,,,!,,,!,,,
--------,--------,----,-------------------------------,--------,---,,!,,,!,,,
,,,Report au d‚,but  1/2,6 ........,........,!,,,!,,,
9/1/2026,8500021,85,CHQ PTF FESTIVAL,9/1/2026,,8/2/2026,!,,"971837,77",!,,,
,,,Solde … fin,12/26 ..,..........,.......,,,"971837,77",!,,971837,","
Compte :,411000,,00949       STANDARS LABELS MAD,AGASCAR,,,!,,,!,,,
--------,--------,----,-------------------------------,--------,---,,!,,,!,,,
,,,Report au d‚,but  1/2,6 ........,........,!,,,!,,,
13/1/2026,8500032,85,CHQ PTF MADAFLEX,13/1/2026,,12/2/2026,!,,5286000,!,,,
,,,Solde … fin,12/26 ..,..........,.......,,,5286000,!,,5286000,","
Compte :,411000,,01235       PANAGORA  MADAGASCA,R,,,!,,,!,,,
--------,--------,----,-------------------------------,--------,---,,!,,,!,,,
,,,Report au d‚,but  1/2,6 ........,........,!,,,!,,,
5/1/2026,5520001,55,VRMNT RECU PANAGORA,5/1/2026,,4/2/2026,!,,"204287,2",!,,,
8/1/2026,16,10,FACTURE 2600015    /25C1238,7/1/2026,2600015,7/1/2026,!,"227261,42",,!,,,
8/1/2026,19,10,AVOIR   2600013    /25C1238,7/1/2026,2600013,7/1/2026,!,,"189384,51",!,,,
12/1/2026,53,10,FACTURE 2600041    /25C1601,9/1/2026,2600041,8/2/2026,!,5690000,,!,,,
13/1/2026,56,10,FACTURE 2600042    /25C1601,9/1/2026,2600042,8/2/2026,!,"371796,82",,!,,,
13/1/2026,57,10,FACTURE 2600045    /25C1601,9/1/2026,2600045,8/2/2026,!,"2149916,12",,!,,,
,,,Solde … fin,12/26 ..,..........,.......,,"8438974,36","393671,71",!,"8045302,65",,
Compte :,411000,,01317       JOVENA MADAGASCAR,,,,!,,,!,,,
--------,--------,----,-------------------------------,--------,---,,!,,,!,,,
,,,Report au d‚,but  1/2,6 ........,........,!,,,!,,,
6/1/2026,8600001,86,TRT PTF JOVENA 120326,31/12/2025,2504052,31/3/2026,!,,"26335637,66",!,,,
6/1/2026,8600001,86,TRT PTF JOVENA 120326,6/1/2026,2504177,6/4/2026,!,,"2029176,42",!,,,
,,,Solde … fin,12/26 ..,..........,.......,,,"28364814,08",!,,28364814,","
Compte :,411000,,01424       LEONG,,,,!,,,!,,,
--------,--------,----,-------------------------------,--------,---,,!,,,!,,,
,,,Report au d‚,but  1/2,6 ........,........,!,,,!,,,
========,========,====,===============================,========,==========,========,=,==============,=============,=,==============,===========,=
ET468,,,,G R A,N D - L I,V R E,,A U X I L I,A I R E,,le 14/01/26,… 17:03:0,0
TRANSIT,TRANSPOR,T ET,TRRAT,-----,----------,--------,-,--------------,-------,,P,age :   000,4
PERIODE,DE   1/2,6 …,déc.-26,,,,,,,,,,
========,========,====,===============================,========,==========,========,=,==============,=============,=,==============,===========,=
Date,,Cod,e,Date,,Date,!,,,!,,Nø lettrag,e
Comptabl,e PiŠce,Jrn,Libell‚,Facture,R‚f‚rence,Ech‚ance,!,D‚bit,Cr‚dit,!,Solde d‚bite,ur/cr‚diteu,r
========,========,====,===============================,========,==========,========,!,==============,=============,!,==============,===========,=
Compte :,411000,,01424       LEONG,,,,!,,,!,,,
--------,--------,----,-------------------------------,--------,---,,!,,,!,,,
8/1/2026,17,10,FACTURE 2600014    /25C1238,7/1/2026,2600014,7/1/2026,!,"454522,82",,!,,,
8/1/2026,18,10,FACTURE 2600020    /25C1487,7/1/2026,2600020,31/1/2026,!,"1283181,2",,!,,,
8/1/2026,20,10,AVOIR   2600012    /25C1238,7/1/2026,2600012,7/1/2026,!,,"378769,02",!,,,
,,,Solde … fin,12/26 ..,..........,.......,,"1737704,02","378769,02",!,1358935,,
Compte :,411000,,01494       STMB,,,,!,,,!,,,
--------,--------,----,-------------------------------,--------,---,,!,,,!,,,
,,,Report au d‚,but  1/2,6 ........,........,!,,,!,,,
8/1/2026,24,10,FACTURE 2600026    /25A0351,8/1/2026,2600026,8/1/2026,!,"227241,5",,!,,,
12/1/2026,39,10,FACTURE 2600063    /25A0351,9/1/2026,2600063,9/1/2026,!,"108831,78",,!,,,
12/1/2026,40,10,FACTURE 2600066    /25A0382,9/1/2026,2600066,10/3/2026,!,"108831,78",,!,,,
,,,Solde … fin,12/26 ..,..........,.......,,"444905,06",,!,"444905,06",,
Compte :,411000,,01711       MAEXI TRADING,,,,!,,,!,,,
--------,--------,----,-------------------------------,--------,---,,!,,,!,,,
,,,Report au d‚,but  1/2,6 ........,........,!,,,!,,,
6/1/2026,8500002,85,CHQ PTF MAEXI,6/1/2026,,6/1/2026,!,,5280000,!,,,
,,,Solde … fin,12/26 ..,..........,.......,,,5280000,!,,5280000,","
Compte :,411000,,01760       CHOCOLATERIE ROBERT,,,,!,,,!,,,
--------,--------,----,-------------------------------,--------,---,,!,,,!,,,
,,,Report au d‚,but  1/2,6 ........,........,!,,,!,,,
7/1/2026,8500004,85,CHQ PTF CHOCOLAT,7/1/2026,,6/2/2026,!,,"11980394,9",!,,,
8/1/2026,12,10,FACTURE 2600022    /25F0167,8/1/2026,2600022,7/2/2026,!,"1230643,81",,!,,,
14/1/2026,75,10,FACTURE 2600031    /25B0302,8/1/2026,2600031,7/2/2026,!,"1675950,94",,!,,,
9/1/2026,8500021,85,CHQ PTF CHOCOLAT,9/1/2026,,8/2/2026,!,,"3168652,96",!,,,
13/1/2026,59,10,FACTURE 2600038    /25C1644,9/1/2026,2600038,8/2/2026,!,"979723,42",,!,,,
14/1/2026,77,10,FACTURE 2600077    /25C1644,13/1/2026,2600077,12/2/2026,!,"18818523,8",,!,,,
,,,Solde … fin,12/26 ..,..........,.......,,"22704841,97","15149047,86",!,"7555794,11",,
Compte :,411000,,01854       VITAFOAM,,,,!,,,!,,,
--------,--------,----,-------------------------------,--------,---,,!,,,!,,,
,,,Report au d‚,but  1/2,6 ........,........,!,,,!,,,
8/1/2026,8600003,86,TRT PTF VITAFOAM 270226,8/1/2026,2504441,9/3/2026,!,,"64976268,48",!,,,
,,,Solde … fin,12/26 ..,..........,.......,,,"64976268,48",!,,64976268,","
Compte :,411000,,01938       INTERPHARMA,,,,!,,,!,,,
--------,--------,----,-------------------------------,--------,---,,!,,,!,,,
,,,Report au d‚,but  1/2,6 ........,........,!,,,!,,,
6/1/2026,8500002,85,CHQ PTF INTERPHARMA,6/1/2026,,6/1/2026,!,,"14310594,36",!,,,
12/1/2026,34,10,FACTURE 2600024    /25C1665,8/1/2026,2600024,8/1/2026,!,1498665,,!,,,
12/1/2026,38,10,FACTURE 2600025    /25C1664,8/1/2026,2600025,8/1/2026,!,"1499523,9",,!,,,
,,,Solde … fin,12/26 ..,..........,.......,,"2998188,9","14310594,36",!,,11312405,","
========,========,====,===============================,========,==========,========,=,==============,=============,=,==============,===========,=
ET468,,,,G R A,N D - L I,V R E,,A U X I L I,A I R E,,le 14/01/26,… 17:03:0,0
TRANSIT,TRANSPOR,T ET,TRRAT,-----,----------,--------,-,--------------,-------,,P,age :   000,5
PERIODE,DE   1/2,6 …,déc.-26,,,,,,,,,,
========,========,====,===============================,========,==========,========,=,==============,=============,=,==============,===========,=
Date,,Cod,e,Date,,Date,!,,,!,,Nø lettrag,e
Comptabl,e PiŠce,Jrn,Libell‚,Facture,R‚f‚rence,Ech‚ance,!,D‚bit,Cr‚dit,!,Solde d‚bite,ur/cr‚diteu,r
========,========,====,===============================,========,==========,========,!,==============,=============,!,==============,===========,=
Compte :,411000,,02007       ROYAL GLASS MADAGAS,CAR,,,!,,,!,,,
--------,--------,----,-------------------------------,--------,---,,!,,,!,,,
,,,Report au d‚,but  1/2,6 ........,........,!,,,!,,,
8/1/2026,8600003,86,TRT PTF RGM 170226,8/1/2026,2504295,9/3/2026,!,,"3728458,69",!,,,
8/1/2026,8600003,86,TRT PTF RGM 170226,8/1/2026,2504293,9/3/2026,!,,"3749625,36",!,,,
8/1/2026,8600003,86,TRT PTF RGM 230126,8/1/2026,2404354,9/3/2026,!,,"6366666,88",!,,,
8/1/2026,8600003,86,TRT PTF RGM 200226,8/1/2026,2504347,9/3/2026,!,,"930135,4",!,,,
,,,Solde … fin,12/26 ..,..........,.......,,,"14774886,33",!,,14774886,","
Compte :,411000,,02231       KALIANA SARL,,,,!,,,!,,,
--------,--------,----,-------------------------------,--------,---,,!,,,!,,,
,,,Report au d‚,but  1/2,6 ........,........,!,,,!,,,
13/1/2026,72,10,FACTURE 2600078    /25A0419,13/1/2026,2600078,13/1/2026,!,338000,,!,,,
,,,Solde … fin,12/26 ..,..........,.......,,338000,,!,338000,,
Compte :,411000,,02569       MENUISERIE DE LA GR,ANDE ILE,,,!,,,!,,,
--------,--------,----,-------------------------------,--------,---,,!,,,!,,,
,,,Report au d‚,but  1/2,6 ........,........,!,,,!,,,
8/1/2026,8600003,86,TRT PTF MGI 240226,8/1/2026,2507372,9/3/2026,!,,"1470754,53",!,,,
8/1/2026,8600003,86,TRT PTF MGI 090126,8/1/2026,2504383,9/3/2026,!,,"1455894,94",!,,,
8/1/2026,8600003,86,TRT PTF MGI 100226,8/1/2026,2504182,9/3/2026,!,,"2133862,17",!,,,
8/1/2026,8600003,86,TRT PTF MGI 230126,8/1/2026,2504352,9/3/2026,!,,"3920475,81",!,,,
8/1/2026,8600003,86,TRT PTF MGI 300126,8/1/2026,2504421,9/3/2026,!,,"4114791,8",!,,,
8/1/2026,8600003,86,TRT PTF MGI 240226,8/1/2026,2504371,9/3/2026,!,,"2178306,76",!,,,
8/1/2026,8600003,86,TRT PTF MGI 200226,8/1/2026,2504325,9/3/2026,!,,803400,!,,,
8/1/2026,8600003,86,TRT PTF MGI 200226,8/1/2026,2504346,9/3/2026,!,,"862757,91",!,,,
8/1/2026,8600003,86,TRT PTF MGI 170226,8/1/2026,2504291,9/3/2026,!,,"349130,58",!,,,
8/1/2026,8600003,86,TRT PTF MGI 270226,8/1/2026,2504404,9/3/2026,!,,"964224,44",!,,,
14/1/2026,78,10,FACTURE 2600028    /25F0206,8/1/2026,2600028,7/2/2026,!,"3576531,69",,!,,,
13/1/2026,54,10,FACTURE 2600036    /25C1612,9/1/2026,2600036,10/3/2026,!,711730,,!,,,
13/1/2026,69,10,FACTURE 2600074    /25F0206,13/1/2026,2600074,14/3/2026,!,"3580359,02",,!,,,
14/1/2026,82,10,FACTURE 2600085    /26C0005,14/1/2026,2600085,15/3/2026,!,"3277974,19",,!,,,
,,,Solde … fin,12/26 ..,..........,.......,,"11146594,9","18253598,94",!,,7107004,","
Compte :,411000,,02625       AGRICOM SA,,,,!,,,!,,,
--------,--------,----,-------------------------------,--------,---,,!,,,!,,,
,,,Report au d‚,but  1/2,6 ........,........,!,,,!,,,
6/1/2026,3520003,35,VRMNT RECU AGRICOM,6/1/2026,,5/2/2026,!,,"18812037,37",!,,,
8/1/2026,10,10,FACTURE 2600016    /25F0177,7/1/2026,2600016,6/2/2026,!,"4754471,9",,!,,,
8/1/2026,22,10,FACTURE 2600029    /25C1684,8/1/2026,2600029,8/1/2026,!,"123545276,4",,!,,,
9/1/2026,3520010,35,VRMNT RECU AGRICOM,9/1/2026,,8/2/2026,!,,"4128455,4",!,,,
12/1/2026,51,10,FACTURE 2600052    /25C1645,9/1/2026,2600052,8/2/2026,!,"7104280,83",,!,,,
13/1/2026,64,10,FACTURE 2600064    /25C1596,9/1/2026,2600064,8/2/2026,!,"8085023,89",,!,,,
12/1/2026,29,10,FACTURE 2600068    /25F0216,12/1/2026,2600068,12/1/2026,!,"4786594,4",,!,,,
12/1/2026,52,10,FACTURE 2600070    /25C1645,12/1/2026,2600070,12/1/2026,!,"689222,41",,!,,,
12/1/2026,3520014,35,VRMNT RECU AGRICOM,12/1/2026,,11/2/2026,!,,"123545276,4",!,,,
========,========,====,===============================,========,==========,========,=,==============,=============,=,==============,===========,=
ET468,,,,G R A,N D - L I,V R E,,A U X I L I,A I R E,,le 14/01/26,… 17:03:0,0
TRANSIT,TRANSPOR,T ET,TRRAT,-----,----------,--------,-,--------------,-------,,P,age :   000,6
PERIODE,DE   1/2,6 …,déc.-26,,,,,,,,,,
========,========,====,===============================,========,==========,========,=,==============,=============,=,==============,===========,=
Date,,Cod,e,Date,,Date,!,,,!,,Nø lettrag,e
Comptabl,e PiŠce,Jrn,Libell‚,Facture,R‚f‚rence,Ech‚ance,!,D‚bit,Cr‚dit,!,Solde d‚bite,ur/cr‚diteu,r
========,========,====,===============================,========,==========,========,!,==============,=============,!,==============,===========,=
Compte :,411000,,02625       AGRICOM SA,,,,!,,,!,,,
--------,--------,----,-------------------------------,--------,---,,!,,,!,,,
13/1/2026,68,10,FACTURE 2600073    /25F0213,13/1/2026,2600073,13/1/2026,!,"40163233,6",,!,,,
13/1/2026,71,10,FACTURE 2600076    /25C1667,13/1/2026,2600076,13/1/2026,!,"12842567,2",,!,,,
,,,Solde … fin,12/26 ..,..........,.......,,"201970670,6","146485769,2",!,"55484901,46",,
Compte :,411000,,02658       NIVO SA,,,,!,,,!,,,
--------,--------,----,-------------------------------,--------,---,,!,,,!,,,
,,,Report au d‚,but  1/2,6 ........,........,!,,,!,,,
7/1/2026,8600002,86,TRT PORTEF NIVO ECH230126,,2504360,,!,,"9374225,09",!,,,
,,,Solde … fin,12/26 ..,..........,.......,,,"9374225,09",!,,9374225,","
Compte :,411000,,02959       BM TRADE,,,,!,,,!,,,
--------,--------,----,-------------------------------,--------,---,,!,,,!,,,
,,,Report au d‚,but  1/2,6 ........,........,!,,,!,,,
8/1/2026,21,10,FACTURE 2600023    /26C0003,8/1/2026,2600023,7/2/2026,!,"1123401,4",,!,,334220,
9/1/2026,8500021,85,CHQ PTF BM TRADE,9/1/2026,,8/2/2026,!,,"1123401,4",!,,334220,
13/1/2026,58,10,FACTURE 2600035    /25C1659,9/1/2026,2600035,9/1/2026,!,440000,,!,,,
13/1/2026,70,10,FACTURE 2600075    /25C1701,13/1/2026,2600075,12/2/2026,!,"31729312,61",,!,,,
14/1/2026,76,10,FACTURE 2600081    /25C1636,13/1/2026,2600081,13/1/2026,!,"5103536,26",,!,,,
14/1/2026,81,10,FACTURE 2600086    /25C1636,14/1/2026,2600086,13/2/2026,!,"43412991,14",,!,,,
,,,Solde … fin,12/26 ..,..........,.......,,"81809241,41","1123401,4",!,"80685840,01",,
Compte :,411000,,03104       INDUSTRIAL PAPER CO,NVERTING,,,!,,,!,,,
--------,--------,----,-------------------------------,--------,---,,!,,,!,,,
,,,Report au d‚,but  1/2,6 ........,........,!,,,!,,,
7/1/2026,5,10,FACTURE 2600007    /25C1633,7/1/2026,2600007,6/2/2026,!,"2063099,56",,!,,,
7/1/2026,6,10,FACTURE 2600008    /25C1634,7/1/2026,2600008,6/2/2026,!,"4465747,06",,!,,,
9/1/2026,27,10,FACTURE 2600033    /25C1633,9/1/2026,2600033,8/2/2026,!,"19713215,39",,!,,,
9/1/2026,28,10,FACTURE 2600034    /25C1634,9/1/2026,2600034,8/2/2026,!,"39478382,5",,!,,,
12/1/2026,41,10,FACTURE 2600039    /25C1635,9/1/2026,2600039,9/1/2026,!,114000,,!,,,
12/1/2026,8500031,85,CHQ PTF IPC,12/1/2026,,11/2/2026,!,,7182000,!,,,
,,,Solde … fin,12/26 ..,..........,.......,,"65834444,51",7182000,!,"58652444,51",,
Compte :,411000,,031169      STAR,,,,!,,,!,,,
--------,--------,----,-------------------------------,--------,---,,!,,,!,,,
,,,Report au d‚,but  1/2,6 ........,........,!,,,!,,,
12/1/2026,3520014,35,VRMNT RECU STAR,12/1/2026,,11/2/2026,!,,"140265067,2",!,,,
,,,Solde … fin,12/26 ..,..........,.......,,,"140265067,2",!,,140265067,","
Compte :,411000,,03455       ISLAND TRANSIT MADA,,,,!,,,!,,,
--------,--------,----,-------------------------------,--------,---,,!,,,!,,,
,,,Report au d‚,but  1/2,6 ........,........,!,,,!,,,
12/1/2026,35,10,FACTURE 2600059    /25F0214,9/1/2026,2600059,9/1/2026,!,"2530018,08",,!,,,
,,,Solde … fin,12/26 ..,..........,.......,,"2530018,08",,!,"2530018,08",,
========,========,====,===============================,========,==========,========,=,==============,=============,=,==============,===========,=
ET468,,,,G R A,N D - L I,V R E,,A U X I L I,A I R E,,le 14/01/26,… 17:03:0,0
TRANSIT,TRANSPOR,T ET,TRRAT,-----,----------,--------,-,--------------,-------,,P,age :   000,7
PERIODE,DE   1/2,6 …,déc.-26,,,,,,,,,,
========,========,====,===============================,========,==========,========,=,==============,=============,=,==============,===========,=
Date,,Cod,e,Date,,Date,!,,,!,,Nø lettrag,e
Comptabl,e PiŠce,Jrn,Libell‚,Facture,R‚f‚rence,Ech‚ance,!,D‚bit,Cr‚dit,!,Solde d‚bite,ur/cr‚diteu,r
========,========,====,===============================,========,==========,========,!,==============,=============,!,==============,===========,=
Compte :,411000,,03571       ROADTECH SARL,,,,!,,,!,,,
--------,--------,----,-------------------------------,--------,---,,!,,,!,,,
,,,Report au d‚,but  1/2,6 ........,........,!,,,!,,,
9/1/2026,8500021,85,CHQ PTF ROADTECH,9/1/2026,,,!,,26221100,!,,,
13/1/2026,65,10,FACTURE 2600067    /25C1631,12/1/2026,2600067,12/1/2026,!,25901387,,!,,,
,,,Solde … fin,12/26 ..,..........,.......,,25901387,26221100,!,,319713,","
Compte :,411000,,03800       UBIPHARM MADAGASCAR,,,,!,,,!,,,
--------,--------,----,-------------------------------,--------,---,,!,,,!,,,
,,,Report au d‚,but  1/2,6 ........,........,!,,,!,,,
7/1/2026,8500003,85,CHQ PORTEF UBIPHARM,,,,!,,1788300,!,,334130,
5/1/2026,8500001,85,CHQ PTF UBIPHARM,5/1/2026,,4/2/2026,!,,"19554230,24",!,,,
5/1/2026,8500001,85,CHQ PTF UBIPHARM,5/1/2026,,4/2/2026,!,,23281704,!,,,
5/1/2026,8500001,85,CHQ PTF UBIPHARM,5/1/2026,,4/2/2026,!,,"88324227,13",!,,,
6/1/2026,4,10,FACTURE 2600004    /25C1693,6/1/2026,2600004,6/1/2026,!,1788300,,!,,334130,
8/1/2026,13,10,FACTURE 2600021    /25C1472,7/1/2026,2600021,17/1/2026,!,"255611,36",,!,,334273,
12/1/2026,43,10,FACTURE 2600051    /25C1671,9/1/2026,2600051,19/1/2026,!,1244920,,!,,334273,
12/1/2026,44,10,FACTURE 2600049    /25C1693,9/1/2026,2600049,19/1/2026,!,"1698949,76",,!,,334273,
13/1/2026,66,10,FACTURE 2600071    /25C1663,13/1/2026,2600071,13/1/2026,!,"36440831,8",,!,,334273,
13/1/2026,67,10,FACTURE 2600072    /26C0002,13/1/2026,2600072,13/1/2026,!,"25883198,6",,!,,334273,
13/1/2026,8500032,85,CHQ PTF UBIPHARM,13/1/2026,,12/2/2026,!,,"65523511,52",!,,334273,
,,,Solde … fin,12/26 ..,..........,.......,,"67311811,52","198471972,9",!,,131160161,","
Compte :,411000,,03836       JET TRANSIT SARL,,,,!,,,!,,,
--------,--------,----,-------------------------------,--------,---,,!,,,!,,,
,,,Report au d‚,but  1/2,6 ........,........,!,,,!,,,
12/1/2026,31,10,FACTURE 2600054    /25F0204,9/1/2026,2600054,9/1/2026,!,"3538390,34",,!,,334272,
12/1/2026,36,10,FACTURE 2600060    /25F0215,9/1/2026,2600060,9/1/2026,!,"2535654,85",,!,,334272,
12/1/2026,42,10,FACTURE 2600055    /25F0205,9/1/2026,2600055,9/1/2026,!,"12161726,9",,!,,,
13/1/2026,8500032,85,CHQ PTF JET TRANSIT,13/1/2026,,,!,,"6074045,19",!,,334272,
,,,Solde … fin,12/26 ..,..........,.......,,"18235772,09","6074045,19",!,"12161726,9",,
Compte :,411000,,03904       LE CAMELEON SARLU,,,,!,,,!,,,
--------,--------,----,-------------------------------,--------,---,,!,,,!,,,
,,,Report au d‚,but  1/2,6 ........,........,!,,,!,,,
8/1/2026,26,10,FACTURE 2600018    /25F0184,7/1/2026,2600018,8/3/2026,!,"2961857,8",,!,,,
8/1/2026,8600003,86,TRT PTF CAMELEON 200226,8/1/2026,2504363,9/3/2026,!,,"2581085,49",!,,,
8/1/2026,8600003,86,TRT PTF CAMELEON 160126,8/1/2026,2504269,9/3/2026,!,,112376,!,,,
13/1/2026,55,10,FACTURE 2600037    /25C1595,9/1/2026,2600037,10/3/2026,!,803400,,!,,,
14/1/2026,79,10,FACTURE 2600043    /25C1595,9/1/2026,2600043,8/2/2026,!,"4943297,65",,!,,,
,,,Solde … fin,12/26 ..,..........,.......,,"8708555,45","2693461,49",!,"6015093,96",,
Compte :,411000,,03922       EO2LE,,,,!,,,!,,,
--------,--------,----,-------------------------------,--------,---,,!,,,!,,,
,,,Report au d‚,but  1/2,6 ........,........,!,,,!,,,
========,========,====,===============================,========,==========,========,=,==============,=============,=,==============,===========,=
ET468,,,,G R A,N D - L I,V R E,,A U X I L I,A I R E,,le 14/01/26,… 17:03:0,0
TRANSIT,TRANSPOR,T ET,TRRAT,-----,----------,--------,-,--------------,-------,,P,age :   000,8
PERIODE,DE   1/2,6 …,déc.-26,,,,,,,,,,
========,========,====,===============================,========,==========,========,=,==============,=============,=,==============,===========,=
Date,,Cod,e,Date,,Date,!,,,!,,Nø lettrag,e
Comptabl,e PiŠce,Jrn,Libell‚,Facture,R‚f‚rence,Ech‚ance,!,D‚bit,Cr‚dit,!,Solde d‚bite,ur/cr‚diteu,r
========,========,====,===============================,========,==========,========,!,==============,=============,!,==============,===========,=
Compte :,411000,,03922       EO2LE,,,,!,,,!,,,
--------,--------,----,-------------------------------,--------,---,,!,,,!,,,
7/1/2026,8600002,86,TRT PORTEF EO2LE ECH300126,,2504433,,!,,"117643050,7",!,,,
8/1/2026,23,10,FACTURE 2600030    /25C1535,8/1/2026,2600030,7/2/2026,!,"42412426,93",,!,,334219,
9/1/2026,8600004,86,TRT PTF EO2LE 060226,9/1/2026,2600030,8/2/2026,!,,"42412426,93",!,,334219,
,,,Solde … fin,12/26 ..,..........,.......,,"42412426,93","160055477,6",!,,117643050,","
Compte :,411000,,04042       AFRICA GLOBAL LOGIS,TICS,,,!,,,!,,,
--------,--------,----,-------------------------------,--------,---,,!,,,!,,,
,,,Report au d‚,but  1/2,6 ........,........,!,,,!,,,
6/1/2026,8500002,85,CHQ PTF AGL,6/1/2026,,6/1/2026,!,,"269514,96",!,,,
,,,Solde … fin,12/26 ..,..........,.......,,,"269514,96",!,,269514,","
Compte :,411000,,04045       TANJAKA FOOD SARL,,,,!,,,!,,,
--------,--------,----,-------------------------------,--------,---,,!,,,!,,,
,,,Report au d‚,but  1/2,6 ........,........,!,,,!,,,
9/1/2026,3520010,35,VRMNT RECU TANJAKA FOOD,9/1/2026,,8/2/2026,!,,"554044,98",!,,,
,,,Solde … fin,12/26 ..,..........,.......,,,"554044,98",!,,554044,","
Compte :,411000,,04080       PETROLEUM MAINTENAN,CE S/CE,,,!,,,!,,,
--------,--------,----,-------------------------------,--------,---,,!,,,!,,,
,,,Report au d‚,but  1/2,6 ........,........,!,,,!,,,
6/1/2026,4520001,45,VERSMNT ESPECE RECU PETROLEUM,6/1/2026,,,!,,335000,!,,,
,,,Solde … fin,12/26 ..,..........,.......,,,335000,!,,335000,","
Compte :,411000,,04084       AIGLE D'OR,,,,!,,,!,,,
--------,--------,----,-------------------------------,--------,---,,!,,,!,,,
,,,Report au d‚,but  1/2,6 ........,........,!,,,!,,,
7/1/2026,3520007,35,VRMNT RECU AIGLE DOR 070126,,,,!,,"75980706,83",!,,,
14/1/2026,80,10,FACTURE 2600087    /26C0032,14/1/2026,2600087,14/1/2026,!,"3947477,8",,!,,,
,,,Solde … fin,12/26 ..,..........,.......,,"3947477,8","75980706,83",!,,72033229,","
Compte :,411000,,COLLECTIF CLIENTS,,,,!,,,!,,,
--------,--------,----,------------------------------,,,,!,,,!,,,
,,,Solde … fin,12/26 ..,..........,.......,,"703315001,6",1365095879,!,,661780877,","
========,========,====,===============================,========,==========,========,=,==============,=============,=,==============,===========,=
,,,,-->,FIN D'ETAT,<--,,,,,,,
,,,,,,,,,,,,,